1;p.stewart@randatmail.com;password;1
2;r.walker@randatmail.com;password;2
3;l.smith@randatmail.com;password;3
4;a.farrell@randatmail.com;password;4
5;m.williams@randatmail.com;password;5
6;c.ferguson@randatmail.com;password;6
7;c.reed@randatmail.com;password;7
8;j.farrell@randatmail.com;password;8
9;s.moore@randatmail.com;password;9
10;t.wright@randatmail.com;password;10
11;e.cunningham@randatmail.com;password;11
12;b.hill@randatmail.com;password;12
13;b.harris@randatmail.com;password;13
14;r.kelly@randatmail.com;password;14
15;l.henderson@randatmail.com;password;15
16;e.anderson@randatmail.com;password;16
17;d.gibson@randatmail.com;password;17
18;a.spencer@randatmail.com;password;18
19;b.moore@randatmail.com;password;19
20;j.campbell@randatmail.com;password;20
21;o.ryan@randatmail.com;password;21
22;j.crawford@randatmail.com;password;22
23;c.wilson@randatmail.com;password;23
24;j.stevens@randatmail.com;password;24
25;s.crawford@randatmail.com;password;25
26;c.hall@randatmail.com;password;26
27;a.nelson@randatmail.com;password;27
28;j.foster@randatmail.com;password;28
29;a.reed@randatmail.com;password;29
30;b.scott@randatmail.com;password;30
31;l.harris@randatmail.com;password;31
32;s.evans@randatmail.com;password;32
33;s.cameron@randatmail.com;password;33
34;a.howard@randatmail.com;password;34
35;j.gibson@randatmail.com;password;35
36;a.stewart@randatmail.com;password;36
37;m.wells@randatmail.com;password;37
38;h.grant@randatmail.com;password;38
39;c.moore@randatmail.com;password;39
40;k.phillips@randatmail.com;password;40
41;m.harris@randatmail.com;password;41
42;s.perkins@randatmail.com;password;42
43;e.cameron@randatmail.com;password;43
44;a.phillips@randatmail.com;password;44
45;w.johnston@randatmail.com;password;45
46;l.murray@randatmail.com;password;46
47;d.fowler@randatmail.com;password;47
48;a.campbell@randatmail.com;password;48
49;e.cooper@randatmail.com;password;49
50;r.lloyd@randatmail.com;password;50
51;c.russell@randatmail.com;password;51
52;c.craig@randatmail.com;password;52
53;i.phillips@randatmail.com;password;53
54;m.turner@randatmail.com;password;54
55;j.edwards@randatmail.com;password;55
56;m.montgomery@randatmail.com;password;56
57;s.douglas@randatmail.com;password;57
58;e.morgan@randatmail.com;password;58
59;j.allen@randatmail.com;password;59
60;m.wells@randatmail.com;password;60
61;a.parker@randatmail.com;password;61
62;n.nelson@randatmail.com;password;62
63;m.chapman@randatmail.com;password;63
64;a.barrett@randatmail.com;password;64
65;s.carter@randatmail.com;password;65
66;c.reed@randatmail.com;password;66
67;a.cameron@randatmail.com;password;67
68;j.douglas@randatmail.com;password;68
69;j.owens@randatmail.com;password;69
70;k.watson@randatmail.com;password;70
71;n.hill@randatmail.com;password;71
72;a.smith@randatmail.com;password;72
73;b.cameron@randatmail.com;password;73
74;c.alexander@randatmail.com;password;74
75;n.ferguson@randatmail.com;password;75
76;m.davis@randatmail.com;password;76
77;a.walker@randatmail.com;password;77
78;m.carroll@randatmail.com;password;78
79;s.roberts@randatmail.com;password;79
80;l.parker@randatmail.com;password;80
81;j.watson@randatmail.com;password;81
82;b.davis@randatmail.com;password;82
83;m.hall@randatmail.com;password;83
84;a.morgan@randatmail.com;password;84
85;h.allen@randatmail.com;password;85
86;l.anderson@randatmail.com;password;86
87;w.jones@randatmail.com;password;87
88;w.sullivan@randatmail.com;password;88
89;s.watson@randatmail.com;password;89
90;k.brooks@randatmail.com;password;90
91;n.nelson@randatmail.com;password;91
92;s.farrell@randatmail.com;password;92
93;j.elliott@randatmail.com;password;93
94;c.smith@randatmail.com;password;94
95;a.clark@randatmail.com;password;95
96;l.perkins@randatmail.com;password;96
97;e.richards@randatmail.com;password;97
98;a.mitchell@randatmail.com;password;98
99;v.foster@randatmail.com;password;99
100;m.wilson@randatmail.com;password;100
101;l.hamilton@randatmail.com;password;101
102;a.nelson@randatmail.com;password;102
103;l.hall@randatmail.com;password;103
104;gdjonwl@gmail;password;104
105;estrol@randatmail.com;password;105
106;rassiona@gmail.com;password;106
107;peterbalor@yahoo.com;password;107
108;giovannadias@libero.com;password;108
109;gionosja@randatmail.com;password;109
110;casim@gmail.com;password;110
