1;p.stewart@randatmail.com;1
2;r.walker@randatmail.com;2
3;l.smith@randatmail.com;3
4;a.farrell@randatmail.com;4
5;m.williams@randatmail.com;5
6;c.ferguson@randatmail.com;6
7;c.reed@randatmail.com;7
8;j.farrell@randatmail.com;8
9;s.moore@randatmail.com;9
10;t.wright@randatmail.com;10
11;e.cunningham@randatmail.com;11
12;b.hill@randatmail.com;12
13;b.harris@randatmail.com;13
14;r.kelly@randatmail.com;14
15;l.henderson@randatmail.com;15
16;e.anderson@randatmail.com;16
17;d.gibson@randatmail.com;17
18;a.spencer@randatmail.com;18
19;b.moore@randatmail.com;19
20;j.campbell@randatmail.com;20
21;o.ryan@randatmail.com;21
22;j.crawford@randatmail.com;22
23;c.wilson@randatmail.com;23
24;j.stevens@randatmail.com;24
25;s.crawford@randatmail.com;25
26;c.hall@randatmail.com;26
27;a.nelson@randatmail.com;27
28;j.foster@randatmail.com;28
29;a.reed@randatmail.com;29
30;b.scott@randatmail.com;30
31;l.harris@randatmail.com;31
32;s.evans@randatmail.com;32
33;s.cameron@randatmail.com;33
34;a.howard@randatmail.com;34
35;j.gibson@randatmail.com;35
36;a.stewart@randatmail.com;36
37;m.wells@randatmail.com;37
38;h.grant@randatmail.com;38
39;c.moore@randatmail.com;39
40;k.phillips@randatmail.com;40
41;m.harris@randatmail.com;41
42;s.perkins@randatmail.com;42
43;e.cameron@randatmail.com;43
44;a.phillips@randatmail.com;44
45;w.johnston@randatmail.com;45
46;l.murray@randatmail.com;46
47;d.fowler@randatmail.com;47
48;a.campbell@randatmail.com;48
49;e.cooper@randatmail.com;49
50;r.lloyd@randatmail.com;50
51;c.russell@randatmail.com;51
52;c.craig@randatmail.com;52
53;i.phillips@randatmail.com;53
54;m.turner@randatmail.com;54
55;j.edwards@randatmail.com;55
56;m.montgomery@randatmail.com;56
57;s.douglas@randatmail.com;57
58;e.morgan@randatmail.com;58
59;j.allen@randatmail.com;59
60;m.wells@randatmail.com;60
61;a.parker@randatmail.com;61
62;n.nelson@randatmail.com;62
63;m.chapman@randatmail.com;63
64;a.barrett@randatmail.com;64
65;s.carter@randatmail.com;65
66;c.reed@randatmail.com;66
67;a.cameron@randatmail.com;67
68;j.douglas@randatmail.com;68
69;j.owens@randatmail.com;69
70;k.watson@randatmail.com;70
71;n.hill@randatmail.com;71
72;a.smith@randatmail.com;72
73;b.cameron@randatmail.com;73
74;c.alexander@randatmail.com;74
75;n.ferguson@randatmail.com;75
76;m.davis@randatmail.com;76
77;a.walker@randatmail.com;77
78;m.carroll@randatmail.com;78
79;s.roberts@randatmail.com;79
80;l.parker@randatmail.com;80
81;j.watson@randatmail.com;81
82;b.davis@randatmail.com;82
83;m.hall@randatmail.com;83
84;a.morgan@randatmail.com;84
85;h.allen@randatmail.com;85
86;l.anderson@randatmail.com;86
87;w.jones@randatmail.com;87
88;w.sullivan@randatmail.com;88
89;s.watson@randatmail.com;89
90;k.brooks@randatmail.com;90
91;n.nelson@randatmail.com;91
92;s.farrell@randatmail.com;92
93;j.elliott@randatmail.com;93
94;c.smith@randatmail.com;94
95;a.clark@randatmail.com;95
96;l.perkins@randatmail.com;96
97;e.richards@randatmail.com;97
98;a.mitchell@randatmail.com;98
99;v.foster@randatmail.com;99
100;m.wilson@randatmail.com;100
101;l.hamilton@randatmail.com;101
102;a.nelson@randatmail.com;102
103;l.hall@randatmail.com;103
