Megan;Camacho;104;22/11/1915;New York;M;221 Piper St. New York, NY 10104;0HPRHP7BDZ5K10UH;;Hayden_Larsen8097@muall.tech;69441;;
Elizabeth;Suarez;92;18/09/1927;New York;F;8 Monroe Street Garrattsville, NY 13342;ISLSIEII647TYTGV;;Kamila_Hood8304@guentu.biz;61766;;
Carly;Conrad;90;19/10/1929;New York;M;166 Sunnyslope Dr. Ashville, NY 14710;P0SI7BTGWEW65S0B;;Matthew_Snow4662@elnee.tech;22785;;
Vernon;Strong;82;27/07/1937;New York;F;8391 Hillcrest St. Middletown, NY 10943;AEO8LWP5Q1I2KNS2;;Melinda_Hopkinson407@deavo.com;15179;;
Osvaldo;Walsh;78;16/08/1941;New York;F;3 W. Country Club Street Syracuse, NY 13221;4TYS4RJMEVLDZM84;;Carter_Osman5162@bretoux.com;83349;;
Dustin;Hardin;76;24/06/1943;New York;F;8513 Whitemarsh Ave. Albany, NY 12237;945NV1N6797HFPEE;;Danny_Jennson1708@irrepsy.com;65621;;
Bonita;Ray;68;21/03/1951;New York;M;24 Overlook Lane New York, NY 10079;HJRYN9YDUZG2T17T;;Benny_Pond2232@bauros.biz;11300;;
Deena;Murillo;68;23/05/1951;New York;F;11 Armstrong Ave. Brightwaters, NY 11718;H3PYKQCJLPP6087U;;Luke_Collins6116@twace.org;88013;;
Tyrone;Tate;67;07/11/1952;New York;F;9108 North Annadale Ave. Gowanda, NY 14070;ZLGNAQJ77C99IOHM;;Martin_Cameron8710@nickia.com;73560;;
Adela;Mueller;66;12/03/1953;New York;M;8346 Franklin Lane Syracuse, NY 13205;D2QKWOGD6DQJFHEN;;Camellia_Leigh5750@muall.tech;56606;;
Graham;Rogers;64;05/08/1955;New York;F;84 Earl Dr. Rochester, NY 14625;KKT1UGZYP3AX6AHY;;Valerie_Reynolds537@bungar.biz;69561;;
Stephanie;Humphrey;63;26/10/1956;New York;F;400 Feathers Street Poughquag, NY 12570;L6FJTLHHISYDHYAG;;Percy_Sylvester5088@supunk.biz;73258;;
Jesus;Davidson;57;07/08/1962;New York;M;425 Brookside Rd. Port Ewen, NY 12466;6VVIPDNZ9YBM48H2;;Camellia_Harris3523@twipet.com;91717;;
Georgette;Green;54;08/05/1965;New York;M;3 Griffin Court Manchester, NY 14504;OW5QIYNDIJNURV6R;;Melania_Grant7109@famism.biz;90406;;
Roxie;Henderson;43;12/01/1976;New York;F;994 Fletcher Court Binghamton, NY 13903;NFT6R0ECEHCU7XAA;;Martha_Hooper9027@zorer.org;87480;;
Olivia;Rush;41;04/05/1978;New York;M;204 Underwood Street Glenfield, NY 13343;F6RXS5K5A1ZJXOY1;;Paige_Lane8536@kideod.biz;26874;;
Amos;Baxter;39;01/09/1980;New York;F;130 Moonlight St. Theresa, NY 13691;XSJ0D1KCQ5ZPG02S;;Ethan_Lee5159@nanoff.biz;38537;;
Jackson;Lara;36;29/12/1983;New York;M;51 Fairview St. Treadwell, NY 13846;8MCFI3P2MP65257N;;Luke_Bowen2897@famism.biz;42339;;
Ross;Ruiz;35;08/04/1984;New York;F;127 Central Ave. Earlton, NY 12058;PTJ4H3QT0W59UP4C;;Jules_Ogilvy2131@deons.tech;26848;;
Cleo;Buck;34;28/08/1985;New York;M;59 Winding Way Rd. Keeseville, NY 12911;DXJDWXBU2AJCF2G3;;Daniel_Clifford5724@gembat.biz;75643;;
Charlie;Jefferson;33;12/11/1986;New York;F;60 Mill Pond Lane Angola, NY 14006;L5U2TX0593USQ69S;;Peter_Locke5300@atink.com;6208;;
Saundra;Reynolds;26;27/02/1993;New York;M;523 Arlington Dr. Highland Mills, NY 10930;8N9OD2NKD5DU9C8D;;Freya_Edler1910@iatim.tech;50674;;
Mel;Mcgee;20;19/02/1999;New York;F;77 N. Clearance Street Maryknoll, NY 10545;VT1SSB9INTSYIV5A;;Sonya_Savage593@iatim.tech;35648;;
Faye;Duke;14;31/05/2005;New York;M;6 Gainsway Street Binghamton, NY 13905;7195V42SK70L0OJA;;Alexander_Eagle1857@bulaffy.com;473;;
Clara;Mack;12;23/05/2007;New York;F;23 Oklahoma Ave. Hoosick, NY 12089;3JII5TU3NCELTOFK;;Camden_Oliver6592@sheye.org;44490;;
Georgina;Schmidt;105;21/12/1914;New York;M;778 Sunnyslope St. Brier Hill, NY 13614;GABK300AJ9S0B27H;;Matt_Welsch8190@corti.com;7757;;
Lilia;Wiley;90;06/03/1929;New York;F;905 South Coffee St. Beacon, NY 12508;91LAJ30YNJG6BWXY;;Ethan_Thorpe6421@womeona.net;88022;;
Hai;Arroyo;88;01/04/1931;New York;F;697 Howard Street Poughquag, NY 12570;4J5TIGVPEEHEF19C;;Karla_Terry3598@acrit.org;759;;
Harvey;Osborn;84;03/12/1935;New York;M;8465 Pheasant Street Albany, NY 12223;WI0GNUIFO941HAUY;;Javier_Garner6512@brety.org;8985;;
Aurelia;Pineda;73;15/10/1946;New York;M;517 Broad Dr. Cochecton, NY 12726;CA8BSAUG11Q88ERY;;Noah_Overson5836@gembat.biz;11977;;
Alma;Harmon;73;15/12/1946;New York;M;137 Cross Court Redwood, NY 13679;TH11P5MBT36TNTPW;;Danny_Baker6563@nanoff.biz;17708;;
Angelia;Spencer;71;30/03/1948;New York;F;7019 Vista St. Ashville, NY 14710;8ZDCS76J7XL6X38E;;Cristal_Silva7606@supunk.biz;31362;;
Tamra;Gaines;69;18/02/1950;New York;M;82 Hartford Drive Forestville, NY 14062;CL09WXDU4V3DIK1P;;Sofia_Hobbs6967@eirey.tech;39759;;
Reggie;Leonard;62;18/07/1957;New York;F;883 South Peace St. Brainardsville, NY 12915;V98NJVYXDCNUP8WE;;Jade_Butler5195@ubusive.com;37660;;
Corina;Cross;58;12/09/1961;New York;F;5 Railway Ave. New York, NY 10117;ZVUZ4UXQ94LFV1KI;;Boris_Broomfield8294@guentu.biz;78958;;
Karen;Robinson;58;22/09/1961;New York;M;9976 Aspen Court Buffalo, NY 14204;ZKNABE0YYWL1KTUI;;Vivian_Mcguire9380@brety.org;35638;;
Dante;Shaffer;53;22/02/1966;New York;F;63 Hill Field St. Montauk, NY 11954;CV74Y44EOO3KY4PE;;Willow_Quinton6167@infotech44.tech;15780;;
Ellsworth;Briggs;47;13/04/1972;New York;M;50 Livingston Street Syracuse, NY 13214;81NLGMYH7P7IQHFC;;Marilyn_Edley4663@hourpy.biz;54166;;
Luther;Rubio;46;17/12/1973;New York;F;80 Theater Court Bath, NY 14810;VTV1T74JKV0MOPU2;;Celina_Watt9690@gompie.com;4119;;
Rae;Nash;45;28/06/1974;New York;M;57 Theater Road Elma, NY 14059;HV2HDG4HJELYITM9;;Sofia_Carson3959@gompie.com;99849;;
Paul;Hurst;44;08/05/1975;New York;M;417 Bay St. Ravena, NY 12143;22PLM1T2A0BBRRIX;;Mya_Grey2505@nickia.com;57916;;
Nathanial;Welch;42;28/02/1977;New York;F;844 Gray St. Highland Mills, NY 10930;8SQFBIMHVLIGQBK6;;Jane_Butler7639@bretoux.com;52535;;
Kelley;Molina;35;09/09/1984;New York;M;352 NW. Moonlight Court East Chatham, NY 12060;DTY04GYSGG29W8JS;;Kamila_Ventura341@womeona.net;11402;;
Connie;Mclean;28;21/11/1991;New York;M;7058 New Saddle Street Ellenburg, NY 12933;4CE0GZPDZ25422IE;;Isla_Samuel7314@gompie.com;60050;;
Myron;Owens;23;08/09/1996;New York;F;7758 Longbranch Ave. Brooklyn, NY 11256;9R2LWGNDHLYM5M5B;;Monica_Oliver6958@naiker.biz;1519;;
Conrad;Cooke;22;27/03/1997;New York;M;2 Hillcrest Dr. Ripley, NY 14775;L940P4LIROCGILDJ;;Nina_Thomas2661@mafthy.com;44967;;
Evangeline;Novak;18;22/10/2001;New York;F;4 Pumpkin Hill Dr. Patterson, NY 12563;88W8KZX982IVVEGF;;Enoch_Lane3736@vetan.org;5885;;
Vickie;Martin;13;20/06/2006;New York;F;6 Rockledge Ave. Deansboro, NY 13328;T38IR85U9QEDI4G6;;Cadence_Veale9440@nanoff.biz;76879;;
Florentino;Jordan;12;24/05/2007;New York;M;9970 South Champion St. Collins Center, NY 14035;GO7XGQ8HEVWMITJ7;;Ellen_Reyes1625@bauros.biz;25810;;
Herbert;Zimmerman;11;30/10/2008;New York;F;7926 West Petal St. Bainbridge, NY 13733;123UDTJ60T4M5K15;;Doug_Hunt4357@gmail.com;1521;;
Dudley;Carlson;95;05/02/1924;New York;F;7655 Earl St. Gabriels, NY 12939;52MFMSVJX2T2TE3I;;Daniel_Herbert8182@gompie.com;41342;;
Lynn;Sanders;95;18/04/1924;New York;F;71 Arch Avenue Esopus, NY 12429;FBTFALIYL8OQYEKS;;Ronald_Craig4573@ubusive.com;26181;;
Clarissa;Nunez;89;27/03/1930;New York;M;54 Sherwood Street Lyons Falls, NY 13368;95TZWQX93V64DGR8;;Priscilla_Dallas1643@nanoff.biz;43937;;
Effie;Duarte;89;27/08/1930;New York;M;5 Cardinal Lane Chenango Forks, NY 13746;0ADDOVJ1SD1QR9R9;;Gabriel_Hunt4248@joiniaa.com;5616;;
Araceli;Hansen;88;15/11/1931;New York;M;54 San Pablo Drive Brewerton, NY 13029;8TAQL6L97ADMX7HH;;Cedrick_Jones5642@bauros.biz;12217;;
Aubrey;Jackson;87;19/05/1932;New York;F;8068 Cavern Ave. Ithaca, NY 14852;5U4V6PAICJKGHVBL;;Lara_Hopkins9512@ovock.tech;75694;;
Joshua;Hughes;82;20/02/1937;New York;M;9032 Woodside Ave. Burke, NY 12917;ZQMCFYSQ0JLA9HGU;;Valentina_Wills9014@extex.org;7782;;
Gina;Vincent;81;02/06/1938;New York;M;43 SE. Storm Dr. Oneonta, NY 13820;A4WQ33RI6TT4J5Q2;;Owen_Hobson8048@sheye.org;48219;;
Lazaro;Rice;73;16/12/1946;New York;M;8446 General Drive Schoharie, NY 12157;L1YWWFBXOX5XQ35W;;Chris_Yoman6109@bauros.biz;42258;;
Ginger;Foley;72;15/01/1947;New York;F;9 West Clark St. Hastings On Hudson, NY 10706;HDWGI777LG33OTXZ;;Moira_Maxwell9992@kideod.biz;27165;;
Eli;Mitchell;52;17/10/1967;New York;F;56 Aurora St. Locust Valley, NY 11560;MTJ3AB43HSGBVLOM;;Percy_Hilton346@qater.org;87071;;
Marina;Prince;52;14/12/1967;New York;M;650 Ashley Ave. Staten Island, NY 10314;GQBZOVVN7JE6UOT2;;Angelique_Rosenbloom593@grannar.com;5163;;
Kenneth;Burnett;47;18/02/1972;New York;F;3 Sheffield Lane Hemlock, NY 14466;E587DU9BYA5QRRFA;;Alice_Torres5130@infotech44.tech;8799;;
Rey;Lawson;47;29/04/1972;New York;M;17 West Kirkland Dr. Seaford, NY 11783;C4DJ30OLP29I9KLR;;Bob_Leslie1706@bungar.biz;88321;;
Luz;Greene;33;09/07/1986;New York;F;656 Young St. Brooklyn, NY 11217;7H81Z52W4DPVIBB5;;Doris_Watson6587@jiman.org;32342;;
Isabel;Dominguez;32;07/09/1987;New York;M;7789 Bear Hill St. Sayville, NY 11782;R8E6OK9AL5GAY4H1;;George_Newton8118@bungar.biz;5302;;
Betsy;Little;30;19/04/1989;New York;M;9550 Parker Ave. Redfield, NY 13437;6U35OI7FBD6UGZLB;;Marla_Nash5087@sveldo.biz;72019;;
Moses;Zhang;29;12/02/1990;New York;M;546 Wintergreen Rd. Hamlin, NY 14464;6A0IBKJCOENDHMMQ;;Natalie_Woodley462@twipet.com;44852;;
Trenton;Noble;27;29/02/1992;New York;F;21 Cooper St. Sound Beach, NY 11789;IU4IPJ9G5I1O3POD;;Roger_Ellis2551@bretoux.com;60720;;
Theodore;Gentry;26;08/10/1993;New York;M;9066 Orchid St. Olmstedville, NY 12857;7JZK5PUGBC4EPHJB;;Wade_Harper6505@joiniaa.com;711;;
Rudolph;Graves;22;07/05/1997;New York;F;420 Haven Rd. Cadyville, NY 12918;O6OQOS74Y6AZ7RJW;;Angelique_James613@naiker.biz;46374;;
Ruthie;Bautista;15;22/06/2004;New York;F;28 Ashland Circle Mottville, NY 13119;KZZSW045Y8M6F12T;;Alba_Kelly7571@hourpy.biz;97421;;
Terrance;Ferrell;8;26/02/2011;New York;F;7808 Essex St. Mc Lean, NY 13102;BKIM99AQLHK1RFKU;;Samara_Yates1376@mafthy.com;90503;;
Lazaro;Mercer;8;03/08/2011;New York;M;8413 Lakewood St. Bronx, NY 10472;LSY3IVKBESXOY2U9;;Emmanuelle_Bowen3954@deavo.com;11138;;
Clinton;Soto;4;21/04/2015;New York;F;81 East College St. Amenia, NY 12501;OUGCKKMWMXJQ8IKA;;Tony_Cobb8902@bauros.biz;56757;;
Ricardo;Mccormick;105;07/07/1914;New York;F;37 Colonial Street New York, NY 10161;FNZEH9Q0PKPLZV1N;;Jacob_Neville3492@vetan.org;56814;;
Gregg;Lynch;103;26/11/1916;New York;M;298 Fountain Street Wallkill, NY 12589;LMP25E7G1N3HAR7Y;;Boris_Cowan4052@iatim.tech;94173;;
Kim;Allen;101;19/12/1918;New York;F;8494 Pearl Ave. Flushing, NY 11371;E2ERWCQMRZ502KZM;;Cecilia_Palmer7191@irrepsy.com;95430;;
Trina;Riddle;96;01/09/1923;New York;M;321 Main Drive Sandusky, NY 14133;6DJ95M1H7VU1LPA6;;Anthony_Wellington2187@twace.org;46997;;
Ryan;Mckinney;89;03/04/1930;New York;M;331 Union Avenue Circleville, NY 10919;8BWOYBFO3B3EE6PW;;Ada_Funnell6648@cispeto.com;22251;;
Collin;Valdez;88;12/11/1931;New York;F;143 Manor Street Niagara Falls, NY 14305;CRQXG7H4ZE7CT2OF;;Audrey_Shields9462@eirey.tech;46606;;
Cyrus;Duffy;87;08/07/1932;New York;F;84 10th Avenue Shandaken, NY 12480;GMY9H3MHZN332D6M;;Henry_Newman3040@liret.org;80262;;
Roy;Blevins;83;05/09/1936;New York;F;412 Elmwood Drive Rexville, NY 14877;80I18EJMSECLUH5Z;;Parker_Chapman1494@yahoo.com;12101;;
Alta;Coleman;83;13/09/1936;New York;M;442 Manhattan Drive Astoria, NY 11105;Z5Q9MK9AGQO4GDMG;;Ethan_Devonport5133@nickia.com;30435;;
Kareem;Mccullough;82;04/03/1937;New York;F;688 Great Dr. Flushing, NY 11352;HLUU5AFN4EELQ6FX;;Lucas_Rust9334@cispeto.com;78063;;
Delia;Lloyd;78;12/05/1941;New York;F;93 Pinnacle Ave. Victor, NY 14564;UUURJRW7MPR6AO9S;;Claire_Osman7671@gmail.com;98475;;
Tad;Terrell;76;28/05/1943;New York;M;7935 Nightingale Drive Thompsonville, NY 12784;EOYFV0KKKX7G42A2;;Mya_Ellery8321@hourpy.biz;91061;;
Roderick;Key;74;29/03/1945;New York;M;379 W. Surrey Avenue De Ruyter, NY 13052;6TDAD4KC7SUTQ1K3;;Daron_Wilde1639@kideod.biz;7430;;
Normand;Cochran;65;09/08/1954;New York;M;9148 Maiden Ave. Jacksonville, NY 14854;SYBKN28201PD09N8;;Chad_Cunningham4980@tonsy.org;69203;;
Vanessa;Mcmahon;57;10/08/1962;New York;M;923 Harvey Ave. Howes Cave, NY 12092;5X12S0Y0NJ6QWJUS;;Gil_Morris1950@nimogy.biz;28373;;
Kendall;Mejia;55;27/04/1964;New York;F;63 Nova Lane Rochester, NY 14647;E8I77FAB7PMON8XM;;Ramon_Fall9909@hourpy.biz;93425;;
Irma;Keller;52;21/05/1967;New York;F;48 Bald Hill Drive Arden, NY 10910;9T8XX3UDH3XP51XR;;Chad_Giles4265@yahoo.com;72724;;
Wiley;House;51;18/08/1968;New York;F;7 East Grotto Rd. Porter Corners, NY 12859;5EIGFAAWSV98NE7A;;Johnny_Douglas9436@extex.org;58221;;
Nannie;Pitts;39;03/03/1980;New York;M;8823 Logan Ave. Oneonta, NY 13820;SXFVTKZKAQRTP3Q5;;Cara_Bell3116@nimogy.biz;19765;;
Josefa;Mcfarland;30;22/08/1989;New York;M;4 Silver Spear Street Branchport, NY 14418;S62VI5YLNQR214UJ;;Erica_Butler542@hourpy.biz;84031;;
Grant;Buckley;28;31/01/1991;New York;F;42 Fifth Lane Stuyvesant Falls, NY 12174;PG4RT9JGY9SUQURT;;Jocelyn_Leigh7478@vetan.org;95115;;
Adalberto;Leblanc;24;12/02/1995;New York;M;190 Roosevelt St. Clifton Park, NY 12065;64PPENK1ZG5EQ2YS;;Ramon_Garner683@twace.org;36840;;
Toby;Hodges;14;05/07/2005;New York;F;893 South Hill Field Road Valley Stream, NY 11582;MBC4SVF60NNTKJCO;;Christy_Owens9961@irrepsy.com;43929;;
Seymour;Cobb;10;26/06/2009;New York;F;16 Fleet Street Highland Mills, NY 10930;ZZ990BTLD04MGM00;;Harvey_Taylor1378@sheye.org;68252;;
Benton;Haas;0;25/10/2019;New York;F;9572 Court Ave. Pitcher, NY 13136;TXU30M4O6W05PNED;;George_Parr5126@iatim.tech;16909;;
